06-02 12:13:23,63
06-02 12:13:24,64
06-02 12:13:25,67
06-02 12:13:26,69
06-02 12:13:27,70
06-02 12:13:28,57
06-02 12:13:29,47
06-02 12:13:30,32
06-02 12:13:31,25
06-02 12:13:32,26
06-02 12:13:33,28
06-02 12:13:34,29
06-02 12:13:35,30
06-02 12:13:36,33
06-02 12:13:37,34
06-02 12:13:38,37
06-02 12:13:39,38
06-02 12:13:40,40
06-02 12:13:41,43
06-02 12:13:42,45
06-02 12:13:43,47
06-02 12:13:44,49
06-02 12:13:45,52
06-02 12:13:46,53
06-02 12:13:47,56
06-02 12:13:48,57
06-02 12:13:49,59
06-02 12:13:50,60
06-02 12:13:51,62
06-02 12:13:52,65
06-02 12:13:53,67
06-02 12:13:54,68
06-02 12:13:55,71
06-02 12:13:56,60
06-02 12:13:57,45
06-02 12:13:58,32
06-02 12:13:59,25
06-02 12:14:00,26
06-02 12:14:01,29
06-02 12:14:02,30
06-02 12:14:03,32
06-02 12:14:04,35
06-02 12:14:05,36
06-02 12:14:06,38
06-02 12:14:07,41
06-02 12:14:08,42
06-02 12:14:09,44
06-02 12:14:10,46
06-02 12:14:11,47
06-02 12:14:12,49
06-02 12:14:13,50
06-02 12:14:14,51
06-02 12:14:15,54
06-02 12:14:16,55
06-02 12:14:17,56
06-02 12:14:18,57
06-02 12:14:19,59
06-02 12:14:20,62
06-02 12:14:21,64
06-02 12:14:22,66
06-02 12:14:23,67
06-02 12:14:24,68
06-02 12:14:25,70
06-02 12:14:26,59
06-02 12:14:27,46
06-02 12:14:28,31
06-02 12:14:29,25
06-02 12:14:30,26
06-02 12:14:31,29
06-02 12:14:32,30
06-02 12:14:33,33
